{
    "weightsOne": [
        [
            -0.125354169028693,
            -0.16115261087673982,
            -1.6903421932541474,
            -1.2620603060087903,
            1.6953841281475759,
            -1.288891212108274,
            -0.40950454791597224,
            -1.5367808034381931,
            -0.39052821383877445,
            0.1839836378867501
        ],
        [
            -0.7933812780543299,
            0.6877545015059932,
            -0.3917351054253597,
            1.824836490066847,
            0.10727523762535096,
            -1.3132195776262674,
            2.193332275632681,
            0.7271329505154029,
            -0.6856782796479921,
            -0.6307356689503867
        ],
        [
            0.6968004815630935,
            0.3494308700006843,
            0.6280642754943297,
            2.4707927226005246,
            -0.5718192392613708,
            2.262568847331236,
            0.13212051667184177,
            -1.5908018563260602,
            -1.1673361683217387,
            2.497923880731906
        ]
    ],
    "biasesOne": [
        0.4148712057066817,
        0.46160338936221557,
        0.41344843222900485
    ],
    "weightsTwo": [
        [
            -2.195916837130996,
            1.8418078585850122,
            -0.8122981237609472
        ],
        [
            -1.3708095508893532,
            0.7754150218050797,
            -1.3203815661714413
        ],
        [
            -1.757206228244586,
            -1.5390742668087976,
            0.3414273020200347
        ],
        [
            0.3567094033915037,
            -2.352662700493766,
            -1.6985460910391748
        ],
        [
            2.089098946369365,
            -2.338245634822,
            1.2159976084761488
        ]
    ],
    "biasesTwo": [
        0.07654951419342693,
        -1.8710245856670245,
        1.8333481019225548,
        -1.827970093899598,
        2.332393323199364
    ],
    "weightsThree": [
        [
            -1.3032437867222497,
            0.189142618006497,
            -0.0549792300186116,
            -1.4024868072511698,
            -0.22635711114735946
        ],
        [
            -2.105586889648246,
            1.7271031280041118,
            -2.417012354448784,
            -1.3380556404549089,
            2.3652184149373374
        ],
        [
            0.1919385538249685,
            -1.9667938975621375,
            -1.410054288470453,
            -0.10680137619547159,
            -0.5602737058078322
        ]
    ],
    "biasesThree": [
        -0.03856849201244561,
        -1.5415114142428321,
        -0.7044833285217211
    ],
    "weightsFour": [
        [
            -0.15840021558982542,
            0.3560360349115097,
            -2.2025775161166528
        ],
        [
            1.6940298855831308,
            0.19464654689073324,
            2.39552435703202
        ]
    ],
    "biasesFour": [
        0.5429514716574562,
        -1.5591531560726528
    ],
    "fitnessValue": 0
}